bin_lower_edge,SM_events,EFT_events
0,15.5988,15.9355
37.5,13.767,14.2106
75,11.2184,12.8741
112.5,9.65967,10.5666
150,5.50681,6.53413
187.5,2.53723,3.54122
225,1.45635,2.57024
262.5,0.637151,1.88484
300,0.341331,1.53072
337.5,0.250309,1.24514
375,0.14791,1.31368
412.5,0.0682662,1.33653
450,0.0341331,1.35937
487.5,0.0113777,1.08521
525,0.0113777,1.05094
562.5,0,0.845324
