bin_center,SM_dsig,EFT_dsig
18.75,0,0
56.25,0,0
93.75,0,0
131.25,1.08657e-07,1.13966e-07
168.75,7.32426e-07,7.78767e-07
206.25,1.1248e-06,1.50055e-06
243.75,1.42662e-06,2.12947e-06
281.25,1.52924e-06,2.35319e-06
318.75,1.09462e-06,2.35952e-06
356.25,7.48524e-07,2.41439e-06
393.75,5.15113e-07,2.54946e-06
431.25,3.23958e-07,2.73307e-06
468.75,2.27374e-07,3.06864e-06
506.25,1.58961e-07,3.22692e-06
543.75,9.25594e-08,3.32823e-06
581.25,7.44499e-08,3.45063e-06
