bin_center,SM_dsig,EFT_dsig
5,8.24734,8.31793
15,106.174,108.861
25,372.383,372.93
35,820.275,824.148
45,1340.94,1347.52
55,1208.87,1206.53
65,926.577,935.66
75,689.532,687.484
85,501.775,504.363
95,368.384,369.455
105,272.192,276.217
115,202.622,205.305
125,151.855,155.16
135,116.632,117.187
145,90.0492,91.6397
155,69.7968,72.7324
