bin_center,SM_dsig,EFT_dsig
18.75,0,0
56.25,0,0
93.75,0,0
131.25,1.60805e-07,2.07143e-07
168.75,1.18935e-06,1.26418e-06
206.25,2.17845e-06,2.14758e-06
243.75,2.75189e-06,2.86039e-06
281.25,2.90662e-06,2.83602e-06
318.75,2.02675e-06,2.19327e-06
356.25,1.44118e-06,1.58403e-06
393.75,1.01944e-06,1.06922e-06
431.25,6.8873e-07,8.40755e-07
468.75,4.70278e-07,6.18381e-07
506.25,3.88359e-07,4.78255e-07
543.75,2.85201e-07,3.99054e-07
581.25,1.63839e-07,3.68592e-07
