bin_lower_edge,SM_events,EFT_events
0,8.72271,10.993
37.5,6.80613,14.9264
75,5.96857,17.9101
112.5,5.07064,20.8463
150,2.69378,21.2736
187.5,1.14693,20.2606
225,0.415008,20.5297
262.5,0.211277,20.4664
300,0.12073,19.6195
337.5,0.0830016,18.4561
375,0.0150912,16.5409
412.5,0.037728,15.0767
450,0.0150912,13.1852
487.5,0,10.1699
525,0,9.06979
562.5,0,7.8035
