bin_center,SM_dsig,EFT_dsig
5,609.345,611.435
15,1819.46,1825.62
25,2254.87,2264.3
35,1656.15,1677.28
45,634.283,632.827
55,257.878,266.15
65,125.529,133.783
75,69.4799,76.9745
85,40.1728,47.2167
95,24.8024,31.5385
105,15.9665,22.6112
115,10.4582,17.0553
125,7.58333,13.6522
135,5.28192,12.3859
145,3.56152,11.3254
155,2.5655,9.75042
