bin_center,SM_dsig,EFT_dsig
18.75,0,0
56.25,0,0
93.75,0,0
131.25,0,0
168.75,0,0
206.25,0,0
243.75,1.47894e-06,2.95467e-06
281.25,2.86532e-06,7.6927e-06
318.75,1.54333e-06,6.11195e-06
356.25,9.27606e-07,5.23821e-06
393.75,5.43283e-07,4.814e-06
431.25,3.52128e-07,4.44678e-06
468.75,2.15301e-07,3.97825e-06
506.25,1.34815e-07,3.82419e-06
543.75,8.45107e-08,3.53716e-06
581.25,6.2377e-08,3.14039e-06
