bin_center,SM_dsig,EFT_dsig
18.75,0,0
56.25,0,0
93.75,0,0
131.25,0,0
168.75,0,0
206.25,0,0
243.75,2.60929e-06,2.78119e-06
281.25,5.29746e-06,5.47709e-06
318.75,2.94607e-06,3.53665e-06
356.25,1.79009e-06,2.03792e-06
393.75,1.13777e-06,1.48046e-06
431.25,6.85696e-07,9.26049e-07
468.75,5.18823e-07,7.4023e-07
506.25,3.70155e-07,5.57457e-07
543.75,2.79133e-07,4.81302e-07
581.25,1.91145e-07,4.14285e-07
